FormatCours;Rappel
1-Terminal;36
1-Terminal;37
1-Terminal;41
1-Terminal;30
1-Terminal;43
1-Terminal;41
1-Terminal;38
1-Terminal;39
1-Terminal;31
1-Terminal;40
1-Terminal;45
1-Terminal;44
1-Terminal;34
1-Terminal;45
2-Continu;44
2-Continu;39
2-Continu;47
2-Continu;44
2-Continu;36
2-Continu;43
2-Continu;39
2-Continu;38
2-Continu;45
2-Continu;38
2-Continu;38
2-Continu;42
2-Continu;31
2-Continu;37
2-Continu;35
2-Continu;35
2-Continu;33
2-Continu;40
2-Continu;34
2-Continu;32
3-Sans;24
3-Sans;29
3-Sans;30
3-Sans;28
3-Sans;33
3-Sans;39
3-Sans;38
3-Sans;33
3-Sans;23
3-Sans;34
3-Sans;43
3-Sans;39
3-Sans;45
3-Sans;38
3-Sans;25
